{"accuracy": [0.5920619964599609, 0.8566185235977173, 0.912682294845581, 0.9410484433174133, 0.9569243788719177, 0.965118408203125, 0.9725015759468079, 0.9761718511581421, 0.9800270199775696, 0.9819901585578918], "loss": [1.3806521892547607, 0.45182371139526367, 0.2699613869190216, 0.18242983520030975, 0.13192790746688843, 0.106915682554245, 0.08308151364326477, 0.07410111278295517, 0.063265360891819, 0.05623408779501915], "val_accuracy": [0.8088436126708984, 0.9078078866004944, 0.9237422943115234, 0.934668779373169, 0.9580013751983643, 0.9584566354751587, 0.9487252235412598, 0.965740978717804, 0.9668222069740295, 0.9613589644432068], "val_loss": [0.625818133354187, 0.28084444999694824, 0.23896543681621552, 0.2047099620103836, 0.1316353976726532, 0.13909396529197693, 0.16787071526050568, 0.11242572963237762, 0.11159719526767731, 0.12912560999393463]}